id,keyword,location,text
0,fire,US,People are trapped in the building fire
1,fire,US,People are trapped in the building fire
2,fire,US,People are trapped in the building fire
3,fire,US,People are trapped in the building fire
4,fire,US,People are trapped in the building fire
5,fire,US,People are trapped in the building fire
6,fire,US,People are trapped in the building fire
7,fire,US,People are trapped in the building fire
8,fire,US,People are trapped in the building fire
9,fire,US,People are trapped in the building fire
10,fire,US,People are trapped in the building fire
11,fire,US,People are trapped in the building fire
12,fire,US,People are trapped in the building fire
13,fire,US,People are trapped in the building fire
14,fire,US,People are trapped in the building fire
15,fire,US,People are trapped in the building fire
16,fire,US,People are trapped in the building fire
17,fire,US,People are trapped in the building fire
18,fire,US,People are trapped in the building fire
19,fire,US,People are trapped in the building fire
20,fire,US,People are trapped in the building fire
21,fire,US,People are trapped in the building fire
22,fire,US,People are trapped in the building fire
23,fire,US,People are trapped in the building fire
24,fire,US,People are trapped in the building fire
25,fire,US,People are trapped in the building fire
26,fire,US,People are trapped in the building fire
27,fire,US,People are trapped in the building fire
28,fire,US,People are trapped in the building fire
29,fire,US,People are trapped in the building fire
30,fire,US,People are trapped in the building fire
31,fire,US,People are trapped in the building fire
32,fire,US,People are trapped in the building fire
33,fire,US,People are trapped in the building fire
34,fire,US,People are trapped in the building fire
35,fire,US,People are trapped in the building fire
36,fire,US,People are trapped in the building fire
37,fire,US,People are trapped in the building fire
38,fire,US,People are trapped in the building fire
39,fire,US,People are trapped in the building fire
40,fire,US,People are trapped in the building fire
41,fire,US,People are trapped in the building fire
42,fire,US,People are trapped in the building fire
43,fire,US,People are trapped in the building fire
44,fire,US,People are trapped in the building fire
45,fire,US,People are trapped in the building fire
46,fire,US,People are trapped in the building fire
47,fire,US,People are trapped in the building fire
48,fire,US,People are trapped in the building fire
49,fire,US,People are trapped in the building fire
50,hello,UK,Hello world
51,hello,UK,Hello world
52,hello,UK,Hello world
53,hello,UK,Hello world
54,hello,UK,Hello world
55,hello,UK,Hello world
56,hello,UK,Hello world
57,hello,UK,Hello world
58,hello,UK,Hello world
59,hello,UK,Hello world
60,hello,UK,Hello world
61,hello,UK,Hello world
62,hello,UK,Hello world
63,hello,UK,Hello world
64,hello,UK,Hello world
65,hello,UK,Hello world
66,hello,UK,Hello world
67,hello,UK,Hello world
68,hello,UK,Hello world
69,hello,UK,Hello world
70,hello,UK,Hello world
71,hello,UK,Hello world
72,hello,UK,Hello world
73,hello,UK,Hello world
74,hello,UK,Hello world
75,hello,UK,Hello world
76,hello,UK,Hello world
77,hello,UK,Hello world
78,hello,UK,Hello world
79,hello,UK,Hello world
80,hello,UK,Hello world
81,hello,UK,Hello world
82,hello,UK,Hello world
83,hello,UK,Hello world
84,hello,UK,Hello world
85,hello,UK,Hello world
86,hello,UK,Hello world
87,hello,UK,Hello world
88,hello,UK,Hello world
89,hello,UK,Hello world
90,hello,UK,Hello world
91,hello,UK,Hello world
92,hello,UK,Hello world
93,hello,UK,Hello world
94,hello,UK,Hello world
95,hello,UK,Hello world
96,hello,UK,Hello world
97,hello,UK,Hello world
98,hello,UK,Hello world
99,hello,UK,Hello world
