title,text,subject,date
Breaking News,Government announces new policy,politics,2023
Breaking News,Government announces new policy,politics,2023
Breaking News,Government announces new policy,politics,2023
Breaking News,Government announces new policy,politics,2023
Breaking News,Government announces new policy,politics,2023
Breaking News,Government announces new policy,politics,2023
Breaking News,Government announces new policy,politics,2023
Breaking News,Government announces new policy,politics,2023
Breaking News,Government announces new policy,politics,2023
Breaking News,Government announces new policy,politics,2023
Breaking News,Government announces new policy,politics,2023
Breaking News,Government announces new policy,politics,2023
Breaking News,Government announces new policy,politics,2023
Breaking News,Government announces new policy,politics,2023
Breaking News,Government announces new policy,politics,2023
Breaking News,Government announces new policy,politics,2023
Breaking News,Government announces new policy,politics,2023
Breaking News,Government announces new policy,politics,2023
Breaking News,Government announces new policy,politics,2023
Breaking News,Government announces new policy,politics,2023
Breaking News,Government announces new policy,politics,2023
Breaking News,Government announces new policy,politics,2023
Breaking News,Government announces new policy,politics,2023
Breaking News,Government announces new policy,politics,2023
Breaking News,Government announces new policy,politics,2023
Breaking News,Government announces new policy,politics,2023
Breaking News,Government announces new policy,politics,2023
Breaking News,Government announces new policy,politics,2023
Breaking News,Government announces new policy,politics,2023
Breaking News,Government announces new policy,politics,2023
Breaking News,Government announces new policy,politics,2023
Breaking News,Government announces new policy,politics,2023
Breaking News,Government announces new policy,politics,2023
Breaking News,Government announces new policy,politics,2023
Breaking News,Government announces new policy,politics,2023
Breaking News,Government announces new policy,politics,2023
Breaking News,Government announces new policy,politics,2023
Breaking News,Government announces new policy,politics,2023
Breaking News,Government announces new policy,politics,2023
Breaking News,Government announces new policy,politics,2023
Breaking News,Government announces new policy,politics,2023
Breaking News,Government announces new policy,politics,2023
Breaking News,Government announces new policy,politics,2023
Breaking News,Government announces new policy,politics,2023
Breaking News,Government announces new policy,politics,2023
Breaking News,Government announces new policy,politics,2023
Breaking News,Government announces new policy,politics,2023
Breaking News,Government announces new policy,politics,2023
Breaking News,Government announces new policy,politics,2023
Breaking News,Government announces new policy,politics,2023
Fake News,Aliens landed,fake,2023
Fake News,Aliens landed,fake,2023
Fake News,Aliens landed,fake,2023
Fake News,Aliens landed,fake,2023
Fake News,Aliens landed,fake,2023
Fake News,Aliens landed,fake,2023
Fake News,Aliens landed,fake,2023
Fake News,Aliens landed,fake,2023
Fake News,Aliens landed,fake,2023
Fake News,Aliens landed,fake,2023
Fake News,Aliens landed,fake,2023
Fake News,Aliens landed,fake,2023
Fake News,Aliens landed,fake,2023
Fake News,Aliens landed,fake,2023
Fake News,Aliens landed,fake,2023
Fake News,Aliens landed,fake,2023
Fake News,Aliens landed,fake,2023
Fake News,Aliens landed,fake,2023
Fake News,Aliens landed,fake,2023
Fake News,Aliens landed,fake,2023
Fake News,Aliens landed,fake,2023
Fake News,Aliens landed,fake,2023
Fake News,Aliens landed,fake,2023
Fake News,Aliens landed,fake,2023
Fake News,Aliens landed,fake,2023
Fake News,Aliens landed,fake,2023
Fake News,Aliens landed,fake,2023
Fake News,Aliens landed,fake,2023
Fake News,Aliens landed,fake,2023
Fake News,Aliens landed,fake,2023
Fake News,Aliens landed,fake,2023
Fake News,Aliens landed,fake,2023
Fake News,Aliens landed,fake,2023
Fake News,Aliens landed,fake,2023
Fake News,Aliens landed,fake,2023
Fake News,Aliens landed,fake,2023
Fake News,Aliens landed,fake,2023
Fake News,Aliens landed,fake,2023
Fake News,Aliens landed,fake,2023
Fake News,Aliens landed,fake,2023
Fake News,Aliens landed,fake,2023
Fake News,Aliens landed,fake,2023
Fake News,Aliens landed,fake,2023
Fake News,Aliens landed,fake,2023
Fake News,Aliens landed,fake,2023
Fake News,Aliens landed,fake,2023
Fake News,Aliens landed,fake,2023
Fake News,Aliens landed,fake,2023
Fake News,Aliens landed,fake,2023
Fake News,Aliens landed,fake,2023
